"province","last_updated","data__date","data__change_cases","data__change_fatalities","data__change_tests","data__change_hospitalizations","data__change_criticals","data__change_recoveries","data__change_vaccinations","data__change_vaccinated","data__change_vaccines_distributed","data__total_cases","data__total_fatalities","data__total_tests","data__total_hospitalizations","data__total_criticals","data__total_recoveries","data__total_vaccinations","data__total_vaccinated","data__total_vaccines_distributed"
"on","2021-04-01 10:35:02","2020-01-25","1","0","0","0","0","0","null","null","null","1","0","0","0","0","0","null","null","null"
"","","2020-01-26","1","0","0","0","0","0","null","null","null","2","0","0","0","0","0","null","null","null"
"","","2020-01-27","null","null","0","0","0","0","null","null","null","2","0","0","0","0","0","null","null","null"
"","","2020-01-28","null","null","0","0","0","0","null","null","null","2","0","0","0","0","0","null","null","null"
"","","2020-01-29","null","null","0","0","0","0","null","null","null","2","0","0","0","0","0","null","null","null"
"","","2020-01-30","null","null","0","0","0","0","null","null","null","2","0","0","0","0","0","null","null","null"
"","","2020-01-31","1","0","0","0","0","0","null","null","null","3","0","0","0","0","0","null","null","null"
"","","2020-02-01","null","null","0","0","0","0","null","null","null","3","0","0","0","0","0","null","null","null"
"","","2020-02-02","null","null","0","0","0","0","null","null","null","3","0","0","0","0","0","null","null","null"
"","","2020-02-03","null","null","0","0","0","0","null","null","null","3","0","0","0","0","0","null","null","null"
"","","2020-02-04","null","null","0","0","0","0","null","null","null","3","0","0","0","0","0","null","null","null"
"","","2020-02-05","null","null","0","0","0","0","null","null","null","3","0","0","0","0","0","null","null","null"
"","","2020-02-06","null","null","0","0","0","0","null","null","null","3","0","0","0","0","0","null","null","null"
"","","2020-02-07","null","null","0","0","0","0","null","null","null","3","0","0","0","0","0","null","null","null"
"","","2020-02-08","null","null","0","0","0","0","null","null","null","3","0","0","0","0","0","null","null","null"
"","","2020-02-09","null","null","0","0","0","0","null","null","null","3","0","0","0","0","0","null","null","null"
"","","2020-02-10","null","null","0","0","0","0","null","null","null","3","0","0","0","0","0","null","null","null"
"","","2020-02-11","null","null","0","0","0","0","null","null","null","3","0","0","0","0","0","null","null","null"
"","","2020-02-12","null","null","0","0","0","0","null","null","null","3","0","0","0","0","0","null","null","null"
"","","2020-02-13","null","null","0","0","0","0","null","null","null","3","0","0","0","0","0","null","null","null"
"","","2020-02-14","null","null","0","0","0","0","null","null","null","3","0","0","0","0","0","null","null","null"
"","","2020-02-15","null","null","0","0","0","0","null","null","null","3","0","0","0","0","0","null","null","null"
"","","2020-02-16","null","null","0","0","0","0","null","null","null","3","0","0","0","0","0","null","null","null"
"","","2020-02-17","null","null","0","0","0","0","null","null","null","3","0","0","0","0","0","null","null","null"
"","","2020-02-18","null","null","0","0","0","0","null","null","null","3","0","0","0","0","0","null","null","null"
"","","2020-02-19","null","null","0","0","0","0","null","null","null","3","0","0","0","0","0","null","null","null"
"","","2020-02-20","null","null","0","0","0","0","null","null","null","3","0","0","0","0","0","null","null","null"
"","","2020-02-21","null","null","0","0","0","0","null","null","null","3","0","0","0","0","0","null","null","null"
"","","2020-02-22","null","null","0","0","0","0","null","null","null","3","0","0","0","0","0","null","null","null"
"","","2020-02-23","1","0","0","0","0","0","null","null","null","4","0","0","0","0","0","null","null","null"
"","","2020-02-24","null","null","0","0","0","0","null","null","null","4","0","0","0","0","0","null","null","null"
"","","2020-02-25","null","null","0","0","0","0","null","null","null","4","0","0","0","0","0","null","null","null"
"","","2020-02-26","1","0","0","0","0","0","null","null","null","5","0","0","0","0","0","null","null","null"
"","","2020-02-27","1","0","0","0","0","0","null","null","null","6","0","0","0","0","0","null","null","null"
"","","2020-02-28","2","0","0","0","0","0","null","null","null","8","0","0","0","0","0","null","null","null"
"","","2020-02-29","3","0","0","0","0","0","null","null","null","11","0","0","0","0","0","null","null","null"
"","","2020-03-01","4","0","0","0","0","3","null","null","null","15","0","0","0","0","3","null","null","null"
"","","2020-03-02","3","0","0","0","0","0","null","null","null","18","0","0","0","0","3","null","null","null"
"","","2020-03-03","2","0","993","0","0","0","null","null","null","20","0","993","0","0","3","null","null","null"
"","","2020-03-04","null","null","88","0","0","0","null","null","null","20","0","1081","0","0","3","null","null","null"
"","","2020-03-05","2","0","155","0","0","1","null","null","null","22","0","1236","0","0","4","null","null","null"
"","","2020-03-06","6","0","252","0","0","0","null","null","null","28","0","1488","0","0","4","null","null","null"
"","","2020-03-07","null","null","203","0","0","0","null","null","null","28","0","1691","0","0","4","null","null","null"
"","","2020-03-08","3","0","255","0","0","0","null","null","null","31","0","1946","0","0","4","null","null","null"
"","","2020-03-09","4","0","177","0","0","1","null","null","null","35","0","2123","0","0","5","null","null","null"
"","","2020-03-10","1","0","259","0","0","0","null","null","null","36","0","2382","0","0","5","null","null","null"
"","","2020-03-11","6","1","253","0","0","0","null","null","null","42","1","2635","0","0","5","null","null","null"
"","","2020-03-12","18","0","295","0","0","0","null","null","null","60","1","2930","0","0","5","null","null","null"
"","","2020-03-13","20","0","719","0","0","0","null","null","null","80","1","3649","0","0","5","null","null","null"
"","","2020-03-14","23","0","900","0","0","0","null","null","null","103","1","4549","0","0","5","null","null","null"
"","","2020-03-15","42","0","1160","0","0","0","null","null","null","145","1","5709","0","0","5","null","null","null"
"","","2020-03-16","32","0","1440","0","0","0","null","null","null","177","1","7149","0","0","5","null","null","null"
"","","2020-03-17","12","0","1492","0","0","0","null","null","null","189","1","8641","0","0","5","null","null","null"
"","","2020-03-18","25","0","963","0","0","0","null","null","null","214","1","9604","0","0","5","null","null","null"
"","","2020-03-19","44","1","3075","0","0","0","null","null","null","258","2","12679","0","0","5","null","null","null"
"","","2020-03-20","60","0","1357","0","0","0","null","null","null","318","2","14036","0","0","5","null","null","null"
"","","2020-03-21","59","1","2109","0","0","1","null","null","null","377","3","16145","0","0","6","null","null","null"
"","","2020-03-22","48","3","1914","0","0","2","null","null","null","425","6","18059","0","0","8","null","null","null"
"","","2020-03-23","78","0","2030","0","0","0","null","null","null","503","6","20089","0","0","8","null","null","null"
"","","2020-03-24","85","2","2294","0","0","0","null","null","null","588","8","22383","0","0","8","null","null","null"
"","","2020-03-25","100","5","2763","0","0","0","null","null","null","688","13","25146","0","0","8","null","null","null"
"","","2020-03-26","170","2","2439","0","0","0","null","null","null","858","15","27585","0","0","8","null","null","null"
"","","2020-03-27","135","3","3373","0","0","0","null","null","null","993","18","30958","0","0","8","null","null","null"
"","","2020-03-28","151","1","3424","0","0","0","null","null","null","1144","19","34382","0","0","8","null","null","null"
"","","2020-03-29","211","4","7601","0","0","0","null","null","null","1355","23","41983","0","0","8","null","null","null"
"","","2020-03-30","351","11","827","0","0","423","null","null","null","1706","34","42810","0","0","431","null","null","null"
"","","2020-03-31","260","24","4539","0","0","103","null","null","null","1966","58","47349","0","0","534","null","null","null"
"","","2020-04-01","885","13","7390","0","0","155","null","null","null","2851","71","54739","0","0","689","null","null","null"
"","","2020-04-02","437","14","5942","405","167","142","null","null","null","3288","85","60681","405","167","831","null","null","null"
"","","2020-04-03","395","18","4827","57","27","192","null","null","null","3683","103","65508","462","194","1023","null","null","null"
"","","2020-04-04","335","30","4494","44","2","196","null","null","null","4018","133","70002","506","196","1219","null","null","null"
"","","2020-04-05","423","8","4063","17","4","230","null","null","null","4441","141","74065","523","200","1449","null","null","null"
"","","2020-04-06","407","21","4402","66","16","175","null","null","null","4848","162","78467","589","216","1624","null","null","null"
"","","2020-04-07","548","27","2206","25","17","178","null","null","null","5396","189","80673","614","233","1802","null","null","null"
"","","2020-04-08","447","22","2826","-9","13","272","null","null","null","5843","211","83499","605","246","2074","null","null","null"
"","","2020-04-09","558","22","3991","27","18","231","null","null","null","6401","233","87490","632","264","2305","null","null","null"
"","","2020-04-10","407","36","3585","41","-4","269","null","null","null","6808","269","91075","673","260","2574","null","null","null"
"","","2020-04-11","476","21","3729","18","-3","284","null","null","null","7284","290","94804","691","257","2858","null","null","null"
"","","2020-04-12","429","13","6742","47","4","263","null","null","null","7713","303","101546","738","261","3121","null","null","null"
"","","2020-04-13","495","30","5150","22","2","236","null","null","null","8208","333","106696","760","263","3357","null","null","null"
"","","2020-04-14","570","65","6386","9","-8","211","null","null","null","8778","398","113082","769","255","3568","null","null","null"
"","","2020-04-15","522","48","6010","26","-1","334","null","null","null","9300","446","119092","795","254","3902","null","null","null"
"","","2020-04-16","516","53","9001","12","-6","292","null","null","null","9816","499","128093","807","248","4194","null","null","null"
"","","2020-04-17","626","35","8899","22","-3","362","null","null","null","10442","534","136992","829","245","4556","null","null","null"
"","","2020-04-18","561","38","9462","-1","5","319","null","null","null","11003","572","146454","828","250","4875","null","null","null"
"","","2020-04-19","534","31","9643","-19","-3","334","null","null","null","11537","603","156097","809","247","5209","null","null","null"
"","","2020-04-20","676","49","8743","-7","0","306","null","null","null","12213","652","164840","802","247","5515","null","null","null"
"","","2020-04-21","486","46","9330","57","3","291","null","null","null","12699","698","174170","859","250","5806","null","null","null"
"","","2020-04-22","713","52","10361","19","-7","415","null","null","null","13412","750","184531","878","243","6221","null","null","null"
"","","2020-04-23","580","48","10214","9","-10","459","null","null","null","13992","798","194745","887","233","6680","null","null","null"
"","","2020-04-24","491","53","12295","23","10","407","null","null","null","14483","851","207040","910","243","7087","null","null","null"
"","","2020-04-25","430","48","10578","15","2","422","null","null","null","14913","899","217618","925","245","7509","null","null","null"
"","","2020-04-26","485","48","12020","13","7","491","null","null","null","15398","947","229638","938","252","8000","null","null","null"
"","","2020-04-27","461","55","12550","7","-11","525","null","null","null","15859","1002","242188","945","241","8525","null","null","null"
"","","2020-04-28","450","47","10852","12","-2","439","null","null","null","16309","1049","253040","957","239","8964","null","null","null"
"","","2020-04-29","460","84","11554","20","-4","648","null","null","null","16769","1133","264594","977","235","9612","null","null","null"
"","","2020-04-30","394","44","12928","22","-2","593","null","null","null","17163","1177","277522","999","233","10205","null","null","null"
"","","2020-05-01","557","60","16532","18","-8","620","null","null","null","17720","1237","294054","1017","225","10825","null","null","null"
"","","2020-05-02","436","28","16305","-40","-4","565","null","null","null","18156","1265","310359","977","221","11390","null","null","null"
"","","2020-05-03","242","38","17146","33","11","615","null","null","null","18398","1303","327505","1010","232","12005","null","null","null"
"","","2020-05-04","552","122","14555","-26","-7","500","null","null","null","18950","1425","342060","984","225","12505","null","null","null"
"","","2020-05-05","378","60","10654","59","-2","274","null","null","null","19328","1485","352714","1043","223","12779","null","null","null"
"","","2020-05-06","450","59","12961","-11","-4","443","null","null","null","19778","1544","365675","1032","219","13222","null","null","null"
"","","2020-05-07","479","47","15179","1","1","347","null","null","null","20257","1591","380854","1033","220","13569","null","null","null"
"","","2020-05-08","429","57","16295","-5","-7","421","null","null","null","20686","1648","397149","1028","213","13990","null","null","null"
"","","2020-05-09","323","60","19227","-12","-10","393","null","null","null","21009","1708","416376","1016","203","14383","null","null","null"
"","","2020-05-10","310","22","17618","-55","-8","389","null","null","null","21319","1730","433994","961","195","14772","null","null","null"
"","","2020-05-11","365","44","13970","66","-1","359","null","null","null","21684","1774","447964","1027","194","15131","null","null","null"
"","","2020-05-12","350","63","11957","-2","-2","260","null","null","null","22034","1837","459921","1025","192","15391","null","null","null"
"","","2020-05-13","383","32","15137","-7","-3","454","null","null","null","22417","1869","475058","1018","189","15845","null","null","null"
"","","2020-05-14","340","32","17429","8","-5","359","null","null","null","22757","1901","492487","1026","184","16204","null","null","null"
"","","2020-05-15","392","24","18354","-40","-5","437","null","null","null","23149","1925","510841","986","179","16641","null","null","null"
"","","2020-05-16","380","34","17768","-11","1","379","null","null","null","23529","1959","528609","975","180","17020","null","null","null"
"","","2020-05-17","325","23","16217","-41","-9","340","null","null","null","23854","1982","544826","934","171","17360","null","null","null"
"","","2020-05-18","306","20","9155","38","3","278","null","null","null","24160","2002","553981","972","174","17638","null","null","null"
"","","2020-05-19","505","13","5813","15","-7","260","null","null","null","24665","2015","559794","987","167","17898","null","null","null"
"","","2020-05-20","441","49","7382","4","-7","292","null","null","null","25106","2064","567176","991","160","18190","null","null","null"
"","","2020-05-21","404","27","10506","-7","-5","319","null","null","null","25510","2091","577682","984","155","18509","null","null","null"
"","","2020-05-22","490","23","11276","-23","-2","258","null","null","null","26000","2114","588958","961","153","18767","null","null","null"
"","","2020-05-23","471","26","11028","-49","-6","379","null","null","null","26471","2140","599986","912","147","19146","null","null","null"
"","","2020-05-24","338","25","11383","-34","1","331","null","null","null","26809","2165","611369","878","148","19477","null","null","null"
"","","2020-05-25","418","28","8170","-19","0","221","null","null","null","27227","2193","619539","859","148","19698","null","null","null"
"","","2020-05-26","319","25","9875","-11","-5","260","null","null","null","27546","2218","629414","848","143","19958","null","null","null"
"","","2020-05-27","321","29","15133","-1","7","414","null","null","null","27867","2247","644547","847","150","20372","null","null","null"
"","","2020-05-28","383","28","17615","-14","-13","301","null","null","null","28250","2275","662162","833","137","20673","null","null","null"
"","","2020-05-29","372","22","18525","-7","-8","310","null","null","null","28622","2297","680687","826","129","20983","null","null","null"
"","","2020-05-30","327","19","20640","-25","-8","370","null","null","null","28949","2316","701327","801","121","21353","null","null","null"
"","","2020-05-31","376","12","17014","-20","-3","457","null","null","null","29325","2328","718341","781","118","21810","null","null","null"
"","","2020-06-01","460","8","14379","0","7","343","null","null","null","29785","2336","732720","781","125","22153","null","null","null"
"","","2020-06-02","413","20","15244","20","0","331","null","null","null","30198","2356","747964","801","125","22484","null","null","null"
"","","2020-06-03","351","16","17537","-10","2","327","null","null","null","30549","2372","765501","791","127","22811","null","null","null"
"","","2020-06-04","344","46","20822","-15","-6","397","null","null","null","30893","2418","786323","776","121","23208","null","null","null"
"","","2020-06-05","415","10","22730","-27","-3","375","null","null","null","31308","2428","809053","749","118","23583","null","null","null"
"","","2020-06-06","254","37","23105","-76","-1","364","null","null","null","31562","2465","832158","673","117","23947","null","null","null"
"","","2020-06-07","473","19","19374","-38","0","305","null","null","null","32035","2484","851532","635","117","24252","null","null","null"
"","","2020-06-08","309","23","15357","-32","1","240","null","null","null","32344","2507","866889","603","118","24492","null","null","null"
"","","2020-06-09","279","12","13509","-3","-2","337","null","null","null","32623","2519","880398","600","116","24829","null","null","null"
"","","2020-06-10","260","12","19941","-20","2","551","null","null","null","32883","2531","900339","580","118","25380","null","null","null"
"","","2020-06-11","237","12","24341","-42","2","505","null","null","null","33120","2543","924680","538","120","25885","null","null","null"
"","","2020-06-12","214","10","28335","-11","-6","302","null","null","null","33334","2553","953015","527","114","26187","null","null","null"
"","","2020-06-13","244","10","27456","-38","-4","351","null","null","null","33578","2563","980471","489","110","26538","null","null","null"
"","","2020-06-14","175","8","23278","-51","-7","423","null","null","null","33753","2571","1003749","438","103","26961","null","null","null"
"","","2020-06-15","210","8","21751","-19","1","252","null","null","null","33963","2579","1025500","419","104","27213","null","null","null"
"","","2020-06-16","186","14","21724","-6","-6","218","null","null","null","34149","2593","1047224","413","98","27431","null","null","null"
"","","2020-06-17","196","6","24205","-30","-6","353","null","null","null","34345","2599","1071429","383","92","27784","null","null","null"
"","","2020-06-18","189","4","25278","-32","-8","220","null","null","null","34534","2603","1096707","351","84","28004","null","null","null"
"","","2020-06-19","209","10","27225","-20","-2","246","null","null","null","34743","2613","1123932","331","82","28250","null","null","null"
"","","2020-06-20","181","27","27387","2","-2","218","null","null","null","34924","2640","1151319","333","80","28468","null","null","null"
"","","2020-06-21","157","5","23408","-47","6","251","null","null","null","35081","2645","1174727","286","86","28719","null","null","null"
"","","2020-06-22","223","9","21900","-21","-10","214","null","null","null","35304","2654","1196627","265","76","28933","null","null","null"
"","","2020-06-23","238","10","16189","23","-1","174","null","null","null","35542","2664","1212816","288","75","29107","null","null","null"
"","","2020-06-24","204","13","23207","-10","-2","229","null","null","null","35746","2677","1236023","278","73","29336","null","null","null"
"","","2020-06-25","175","12","27511","-8","-4","192","null","null","null","35921","2689","1263534","270","69","29528","null","null","null"
"","","2020-06-26","115","3","30780","-14","-8","226","null","null","null","36036","2692","1294314","256","61","29754","null","null","null"
"","","2020-06-27","164","9","33492","-4","-7","178","null","null","null","36200","2701","1327806","252","54","29932","null","null","null"
"","","2020-06-28","252","5","28633","-38","-3","175","null","null","null","36452","2706","1356439","214","51","30107","null","null","null"
"","","2020-06-29","239","10","27127","18","-5","89","null","null","null","36691","2716","1383566","232","46","30196","null","null","null"
"","","2020-06-30","151","4","23759","-19","-4","148","null","null","null","36842","2720","1407325","213","42","30344","null","null","null"
"","","2020-07-01","124","4","26056","-4","1","182","null","null","null","36966","2724","1433381","209","43","30526","null","null","null"
"","","2020-07-02","159","4","24322","-90","-3","204","null","null","null","37125","2728","1457703","119","40","30730","null","null","null"
"","","2020-07-03","164","3","24194","36","0","179","null","null","null","37289","2731","1481897","155","40","30909","null","null","null"
"","","2020-07-04","116","2","21425","-5","-1","174","null","null","null","37405","2733","1503322","150","39","31083","null","null","null"
"","","2020-07-05","124","1","23792","-11","0","183","null","null","null","37529","2734","1527114","139","39","31266","null","null","null"
"","","2020-07-06","184","0","17303","-21","-3","160","null","null","null","37713","2734","1544417","118","36","31426","null","null","null"
"","","2020-07-07","84","1","15112","13","-2","177","null","null","null","37797","2735","1559529","131","34","31603","null","null","null"
"","","2020-07-08","164","5","22832","-8","1","202","null","null","null","37961","2740","1582361","123","35","31805","null","null","null"
"","","2020-07-09","122","2","26326","0","-4","172","null","null","null","38083","2742","1608687","123","31","31977","null","null","null"
"","","2020-07-10","118","10","27484","-6","3","178","null","null","null","38201","2752","1636171","117","34","32155","null","null","null"
"","","2020-07-11","81","0","29522","11","-3","267","null","null","null","38282","2752","1665693","128","31","32422","null","null","null"
"","","2020-07-12","66","1","25726","-12","-2","112","null","null","null","38348","2753","1691419","116","29","32534","null","null","null"
"","","2020-07-13","257","6","20896","14","-1","129","null","null","null","38605","2759","1712315","130","28","32663","null","null","null"
"","","2020-07-14","83","2","16744","7","2","122","null","null","null","38688","2761","1729059","137","30","32785","null","null","null"
"","","2020-07-15","105","9","23769","-22","1","135","null","null","null","38793","2770","1752828","115","31","32920","null","null","null"
"","","2020-07-16","120","6","26492","-8","-5","141","null","null","null","38913","2776","1779320","107","26","33061","null","null","null"
"","","2020-07-17","146","5","31163","1","4","101","null","null","null","39059","2781","1810483","108","30","33162","null","null","null"
"","","2020-07-18","197","1","28849","-3","3","132","null","null","null","39256","2782","1839332","105","33","33294","null","null","null"
"","","2020-07-19","147","3","0","0","0","0","null","null","null","39403","2785","1839332","105","33","33294","null","null","null"
"","","2020-07-20","155","0","47803","10","4","219","null","null","null","39558","2785","1887135","115","37","33513","null","null","null"
"","","2020-07-21","187","3","22974","5","-1","92","null","null","null","39745","2788","1910109","120","36","33605","null","null","null"
"","","2020-07-22","136","1","23990","8","1","207","null","null","null","39881","2789","1934099","128","37","33812","null","null","null"
"","","2020-07-23","144","0","26001","26","-2","151","null","null","null","40025","2789","1960100","154","35","33963","null","null","null"
"","","2020-07-24","207","3","28809","-13","-4","137","null","null","null","40232","2792","1988909","141","31","34100","null","null","null"
"","","2020-07-25","129","2","29274","-44","-1","140","null","null","null","40361","2794","2018183","97","30","34240","null","null","null"
"","","2020-07-26","103","4","26774","-10","-1","119","null","null","null","40464","2798","2044957","87","29","34359","null","null","null"
"","","2020-07-27","158","1","24664","-5","1","102","null","null","null","40622","2799","2069621","82","30","34461","null","null","null"
"","","2020-07-28","116","5","17334","14","1","106","null","null","null","40738","2804","2086955","96","31","34567","null","null","null"
"","","2020-07-29","103","2","27308","-5","-3","174","null","null","null","40841","2806","2114263","91","28","34741","null","null","null"
"","","2020-07-30","92","3","27676","-7","-1","165","null","null","null","40933","2809","2141939","84","27","34906","null","null","null"
"","","2020-07-31","116","2","30033","-6","2","168","null","null","null","41049","2811","2171972","78","29","35074","null","null","null"
"","","2020-08-01","109","2","33282","-5","-2","163","null","null","null","41158","2813","2205254","73","27","35237","null","null","null"
"","","2020-08-02","74","1","30443","-1","-1","122","null","null","null","41232","2814","2235697","72","26","35359","null","null","null"
"","","2020-08-03","70","3","23021","3","-1","126","null","null","null","41302","2817","2258718","75","25","35485","null","null","null"
"","","2020-08-04","129","3","-30841","3","3","116","null","null","null","41431","2820","2227877","78","28","35601","null","null","null"
"","","2020-08-05","75","1","67239","-12","2","146","null","null","null","41506","2821","2295116","66","30","35747","null","null","null"
"","","2020-08-06","91","0","26181","5","-1","159","null","null","null","41597","2821","2321297","71","29","35906","null","null","null"
"","","2020-08-07","88","0","25136","-5","-17","118","null","null","null","41685","2821","2346433","66","12","36024","null","null","null"
"","","2020-08-08","74","2","26008","-13","0","107","null","null","null","41759","2823","2372441","53","12","36131","null","null","null"
"","","2020-08-09","61","1","27771","2","14","1431","null","null","null","41820","2824","2400212","55","26","37562","null","null","null"
"","","2020-08-10","132","0","22275","-6","-1","95","null","null","null","41952","2824","2422487","49","25","37657","null","null","null"
"","","2020-08-11","90","1","21581","11","-4","134","null","null","null","42042","2825","2444068","60","21","37791","null","null","null"
"","","2020-08-12","74","0","24572","-11","-1","140","null","null","null","42116","2825","2468640","49","20","37931","null","null","null"
"","","2020-08-13","71","1","29626","-6","0","129","null","null","null","42187","2826","2498266","43","20","38060","null","null","null"
"","","2020-08-14","103","1","30137","-2","-3","100","null","null","null","42290","2827","2528403","41","17","38160","null","null","null"
"","","2020-08-15","82","0","30436","-2","0","103","null","null","null","42372","2827","2558839","39","17","38263","null","null","null"
"","","2020-08-16","48","0","23813","-2","1","86","null","null","null","42420","2827","2582652","37","18","38349","null","null","null"
"","","2020-08-17","138","0","25567","-5","-2","55","null","null","null","42558","2827","2608219","32","16","38404","null","null","null"
"","","2020-08-18","111","1","23067","9","-1","123","null","null","null","42669","2828","2631286","41","15","38527","null","null","null"
"","","2020-08-19","90","0","25642","1","0","124","null","null","null","42759","2828","2656928","42","15","38651","null","null","null"
"","","2020-08-20","95","1","25917","-7","0","110","null","null","null","42854","2829","2682845","35","15","38761","null","null","null"
"","","2020-08-21","141","4","28073","0","-2","129","null","null","null","42995","2833","2710918","35","13","38890","null","null","null"
"","","2020-08-22","76","0","28656","5","0","106","null","null","null","43071","2833","2739574","40","13","38996","null","null","null"
"","","2020-08-23","91","1","23384","1","-2","40","null","null","null","43162","2834","2762958","41","11","39036","null","null","null"
"","","2020-08-24","162","0","18790","-1","1","63","null","null","null","43324","2834","2781748","40","12","39099","null","null","null"
"","","2020-08-25","88","3","20013","-1","1","144","null","null","null","43412","2837","2801761","39","13","39243","null","null","null"
"","","2020-08-26","124","2","21960","4","2","114","null","null","null","43536","2839","2823721","43","15","39357","null","null","null"
"","","2020-08-27","139","0","28625","5","3","144","null","null","null","43675","2839","2852346","48","18","39501","null","null","null"
"","","2020-08-28","116","7","31823","13","0","83","null","null","null","43791","2846","2884169","61","18","39584","null","null","null"
"","","2020-08-29","114","1","32106","-10","-1","109","null","null","null","43905","2847","2916275","51","17","39693","null","null","null"
"","","2020-08-30","89","0","24970","0","3","60","null","null","null","43994","2847","2941245","51","20","39753","null","null","null"
"","","2020-08-31","156","1","25098","-2","-2","66","null","null","null","44150","2848","2966343","49","18","39819","null","null","null"
"","","2020-09-01","134","1","23545","16","-1","83","null","null","null","44284","2849","2989888","65","17","39902","null","null","null"
"","","2020-09-02","140","1","24004","-5","-4","120","null","null","null","44424","2850","3013892","60","13","40022","null","null","null"
"","","2020-09-03","150","1","26298","0","-1","116","null","null","null","44574","2851","3040190","60","12","40138","null","null","null"
"","","2020-09-04","127","0","28591","6","1","184","null","null","null","44701","2851","3068781","66","13","40322","null","null","null"
"","","2020-09-05","156","0","28672","-8","1","124","null","null","null","44857","2851","3097453","58","14","40446","null","null","null"
"","","2020-09-06","126","1","28955","-6","1","85","null","null","null","44983","2852","3126408","52","15","40531","null","null","null"
"","","2020-09-07","184","1","23725","2","2","94","null","null","null","45167","2853","3150133","54","17","40625","null","null","null"
"","","2020-09-08","227","1","20929","1","1","116","null","null","null","45394","2854","3171062","55","18","40741","null","null","null"
"","","2020-09-09","201","1","17605","0","-3","150","null","null","null","45595","2855","3188667","55","15","40891","null","null","null"
"","","2020-09-10","164","1","24669","-1","-1","0","null","null","null","45759","2856","3213336","54","14","40891","null","null","null"
"","","2020-09-11","233","0","32501","-5","4","279","null","null","null","45992","2856","3245837","49","18","41170","null","null","null"
"","","2020-09-12","182","1","35618","-6","-6","119","null","null","null","46174","2857","3281455","43","12","41289","null","null","null"
"","","2020-09-13","223","1","31143","-4","2","124","null","null","null","46397","2858","3312598","39","14","41413","null","null","null"
"","","2020-09-14","377","1","29540","8","3","133","null","null","null","46774","2859","3342138","47","17","41546","null","null","null"
"","","2020-09-15","255","4","27664","0","2","117","null","null","null","47029","2863","3369802","47","19","41663","null","null","null"
"","","2020-09-16","325","2","28761","-3","1","154","null","null","null","47354","2865","3398563","44","20","41817","null","null","null"
"","","2020-09-17","339","0","0","9","1","150","null","null","null","47693","2865","3398563","53","21","41967","null","null","null"
"","","2020-09-18","404","1","70960","5","-1","176","null","null","null","48097","2866","3469523","58","20","42143","null","null","null"
"","","2020-09-19","380","1","38940","6","0","177","null","null","null","48477","2867","3508463","64","20","42320","null","null","null"
"","","2020-09-20","290","0","40127","-1","3","199","null","null","null","48767","2867","3548590","63","23","42519","null","null","null"
"","","2020-09-21","512","3","31753","2","-1","196","null","null","null","49279","2870","3580343","65","22","42715","null","null","null"
"","","2020-09-22","520","4","34201","17","2","196","null","null","null","49799","2874","3614544","82","24","42911","null","null","null"
"","","2020-09-23","344","2","35436","6","0","258","null","null","null","50143","2876","3649980","88","24","43169","null","null","null"
"","","2020-09-24","408","1","30634","0","3","286","null","null","null","50551","2877","3680614","88","27","43455","null","null","null"
"","","2020-09-25","484","0","41865","-1","-2","283","null","null","null","51035","2877","3722479","87","25","43738","null","null","null"
"","","2020-09-26","464","1","43238","13","3","0","null","null","null","51499","2878","3765717","100","28","43738","null","null","null"
"","","2020-09-27","448","2","42509","12","0","0","null","null","null","51947","2880","3808226","112","28","43738","null","null","null"
"","","2020-09-28","763","1","41111","16","1","0","null","null","null","52710","2881","3849337","128","29","43738","null","null","null"
"","","2020-09-29","565","4","38375","9","1","0","null","null","null","53275","2885","3887712","137","30","43738","null","null","null"
"","","2020-09-30","645","3","35753","13","5","0","null","null","null","53920","2888","3923465","150","35","43738","null","null","null"
"","","2020-10-01","583","2","0","0","0","0","null","null","null","54503","2890","3923465","150","35","43738","null","null","null"
"","","2020-10-02","731","82","79739","17","3","0","null","null","null","55234","2972","4003204","167","38","43738","null","null","null"
"","","2020-10-03","651","40","46254","-12","3","0","null","null","null","55885","3012","4049458","155","41","43738","null","null","null"
"","","2020-10-04","477","6","39661","14","0","0","null","null","null","56362","3018","4089119","169","41","43738","null","null","null"
"","","2020-10-05","725","10","38196","7","2","0","null","null","null","57087","3028","4127315","176","43","43738","null","null","null"
"","","2020-10-06","564","7","42031","16","-2","0","null","null","null","57651","3035","4169346","192","41","43738","null","null","null"
"","","2020-10-07","639","1","0","0","0","0","null","null","null","58290","3036","4169346","192","41","43738","null","null","null"
"","","2020-10-08","836","3","91765","14","6","4570","null","null","null","59126","3039","4261111","206","47","48308","null","null","null"
"","","2020-10-09","912","5","44914","19","0","724","null","null","null","60038","3044","4306025","225","47","49032","null","null","null"
"","","2020-10-10","866","6","44298","-12","1","700","null","null","null","60904","3050","4350323","213","48","49732","null","null","null"
"","","2020-10-11","562","2","44138","4","3","705","null","null","null","61466","3052","4394461","217","51","50437","null","null","null"
"","","2020-10-12","757","2","36473","-14","2","668","null","null","null","62223","3054","4430934","203","53","51105","null","null","null"
"","","2020-10-13","872","8","31233","27","7","624","null","null","null","63095","3062","4462167","230","60","51729","null","null","null"
"","","2020-10-14","821","3","32206","1","4","783","null","null","null","63916","3065","4494373","231","64","52512","null","null","null"
"","","2020-10-15","709","6","39961","22","-2","779","null","null","null","64625","3071","4534334","253","62","53291","null","null","null"
"","","2020-10-16","899","10","38507","8","5","713","null","null","null","65524","3081","4572841","261","67","54004","null","null","null"
"","","2020-10-17","620","3","44722","17","5","682","null","null","null","66144","3084","4617563","278","72","54686","null","null","null"
"","","2020-10-18","622","5","40850","-31","-1","685","null","null","null","66766","3089","4658413","247","71","55371","null","null","null"
"","","2020-10-19","774","5","31864","5","-2","607","null","null","null","67540","3094","4690277","252","69","55978","null","null","null"
"","","2020-10-20","805","4","24049","22","3","628","null","null","null","68345","3098","4714326","274","72","56606","null","null","null"
"","","2020-10-21","820","8","32646","-14","-1","719","null","null","null","69165","3106","4746972","260","71","57325","null","null","null"
"","","2020-10-22","888","10","38860","10","3","741","null","null","null","70053","3116","4785832","270","74","58066","null","null","null"
"","","2020-10-23","889","7","40019","6","4","733","null","null","null","70942","3123","4825851","276","78","58799","null","null","null"
"","","2020-10-24","967","3","44151","18","4","625","null","null","null","71909","3126","4870002","294","82","59424","null","null","null"
"","","2020-10-25","936","6","38769","-16","-3","736","null","null","null","72845","3132","4908771","278","79","60160","null","null","null"
"","","2020-10-26","921","10","28652","17","-1","679","null","null","null","73766","3142","4937423","295","78","60839","null","null","null"
"","","2020-10-27","870","2","23945","17","-3","691","null","null","null","74636","3144","4961368","312","75","61530","null","null","null"
"","","2020-10-28","797","7","30010","0","-4","773","null","null","null","75433","3151","4991378","312","71","62303","null","null","null"
"","","2020-10-29","996","11","35621","10","6","820","null","null","null","76429","3162","5026999","322","77","63123","null","null","null"
"","","2020-10-30","988","10","41008","-8","-2","796","null","null","null","77417","3172","5068007","314","75","63919","null","null","null"
"","","2020-10-31","981","6","41920","6","-2","798","null","null","null","78398","3178","5109927","320","73","64717","null","null","null"
"","","2020-11-01","935","8","37133","30","-1","864","null","null","null","79333","3186","5147060","350","72","65581","null","null","null"
"","","2020-11-02","1125","11","27908","-22","3","826","null","null","null","80458","3197","5174968","328","75","66407","null","null","null"
"","","2020-11-03","1108","15","25279","29","-2","837","null","null","null","81566","3212","5200247","357","73","67244","null","null","null"
"","","2020-11-04","1022","15","28567","10","2","945","null","null","null","82588","3227","5228814","367","75","68189","null","null","null"
"","","2020-11-05","997","19","35754","14","11","948","null","null","null","83585","3246","5264568","381","86","69137","null","null","null"
"","","2020-11-06","1089","12","41268","-1","0","949","null","null","null","84674","3258","5305836","380","86","70086","null","null","null"
"","","2020-11-07","1189","10","39165","4","2","852","null","null","null","85863","3268","5345001","384","88","70938","null","null","null"
"","","2020-11-08","1153","6","37577","-10","0","877","null","null","null","87016","3274","5382578","374","88","71815","null","null","null"
"","","2020-11-09","1551","18","28401","-7","-4","821","null","null","null","88567","3292","5410979","367","84","72636","null","null","null"
"","","2020-11-10","1556","17","29125","55","-2","781","null","null","null","90123","3309","5440104","422","82","73417","null","null","null"
"","","2020-11-11","1351","17","36707","2","6","886","null","null","null","91474","3326","5476811","424","88","74303","null","null","null"
"","","2020-11-12","1563","15","39559","7","10","917","null","null","null","93037","3341","5516370","431","98","75220","null","null","null"
"","","2020-11-13","1424","16","40509","21","8","1018","null","null","null","94461","3357","5556879","452","106","76238","null","null","null"
"","","2020-11-14","1350","15","44837","50","1","1003","null","null","null","95811","3372","5601716","502","107","77241","null","null","null"
"","","2020-11-15","1341","19","42206","-23","11","1062","null","null","null","97152","3391","5643922","479","118","78303","null","null","null"
"","","2020-11-16","1501","11","33351","21","7","992","null","null","null","98653","3402","5677273","500","125","79295","null","null","null"
"","","2020-11-17","1468","14","26468","29","2","1135","null","null","null","100121","3416","5703741","529","127","80430","null","null","null"
"","","2020-11-18","1265","31","33440","6","0","1495","null","null","null","101386","3447","5737181","535","127","81925","null","null","null"
"","","2020-11-19","1360","24","41838","-9","19","1376","null","null","null","102746","3471","5779019","526","146","83301","null","null","null"
"","","2020-11-20","1462","12","48173","-8","-4","1415","null","null","null","104208","3483","5827192","518","142","84716","null","null","null"
"","","2020-11-21","1502","19","46671","-5","4","0","null","null","null","105710","3502","5873863","513","146","84716","null","null","null"
"","","2020-11-22","1409","12","46389","-29","1","2792","0","null","null","107119","3514","5920252","484","147","87508","null","null","null"
"","","2020-11-23","1432","17","37471","23","9","1484","0","null","null","108551","3531","5957723","507","156","88992","null","null","null"
"","","2020-11-24","1403","22","27053","27","3","1082","0","null","null","109954","3553","5984776","534","159","90074","null","null","null"
"","","2020-11-25","1479","31","36076","-11","0","1476","0","null","null","111433","3584","6020852","523","159","91550","null","null","null"
"","","2020-11-26","1570","20","47576","33","-8","1365","0","null","null","113003","3604","6068428","556","151","92915","null","null","null"
"","","2020-11-27","1844","24","58037","-15","0","1451","0","null","null","114847","3628","6126465","541","151","94366","null","null","null"
"","","2020-11-28","1703","24","55086","54","4","1510","0","null","null","116550","3652","6181551","595","155","95876","null","null","null"
"","","2020-11-29","1598","20","53959","-9","1","5654","0","null","null","118148","3672","6235510","586","156","101530","null","null","null"
"","","2020-11-30","1815","14","39406","32","12","1564","0","null","null","119963","3686","6274916","618","168","103094","null","null","null"
"","","2020-12-01","2049","15","34640","27","17","1520","0","null","null","122012","3701","6309556","645","185","104614","null","null","null"
"","","2020-12-02","1818","34","44226","11","-2","1570","0","null","null","123830","3735","6353782","656","183","106184","0","null","null"
"","","2020-12-03","1532","15","52873","10","12","1699","0","null","null","125362","3750","6406655","666","195","107883","0","null","null"
"","","2020-12-04","1941","32","56001","8","12","1499","0","null","null","127303","3782","6462656","674","207","109382","0","null","null"
"","","2020-12-05","1740","14","59399","35","-5","1282","0","null","null","129043","3796","6522055","709","202","110664","0","null","null"
"","","2020-12-06","1935","27","59251","-8","2","2351","0","null","null","130978","3823","6581306","701","204","113015","0","null","null"
"","","2020-12-07","1973","18","45283","24","9","1497","0","null","null","132951","3841","6626589","725","213","114512","0","null","null"
"","","2020-12-08","1909","14","39198","69","6","1926","0","null","null","134860","3855","6665787","794","219","116438","0","null","null"
"","","2020-12-09","1952","37","48546","17","2","1816","0","null","null","136812","3892","6714333","811","221","118254","0","null","null"
"","","2020-12-10","1955","37","61809","18","7","1711","0","null","null","138767","3929","6776142","829","228","119965","0","null","null"
"","","2020-12-11","1779","24","63051","-21","7","1779","0","null","null","140546","3953","6839193","808","235","121744","0","null","null"
"","","2020-12-12","1758","23","65260","47","2","1827","0","null","null","142304","3976","6904453","855","237","123571","0","null","null"
"","","2020-12-13","1596","14","58190","-42","16","1466","0","null","0","143900","3990","6962643","813","253","125037","0","null","null"
"","","2020-12-14","2415","22","57091","44","-9","1967","5","null","6000","146315","4012","7019734","857","244","127004","5","null","6000"
"","","2020-12-15","2075","28","39566","64","5","1930","426","null","0","148390","4040","7059300","921","249","128934","431","null","6000"
"","","2020-12-16","2271","34","49189","11","7","1597","544","null","0","150661","4074","7108489","932","256","130531","975","null","6000"
"","","2020-12-17","2461","27","58178","-13","7","2256","941","null","0","153122","4101","7166667","919","263","132787","1916","null","6000"
"","","2020-12-18","2278","32","68246","-42","-2","1999","943","null","0","155400","4133","7234913","877","261","134786","2859","null","6000"
"","","2020-12-19","2470","40","67207","18","-5","1894","0","null","0","157870","4173","7302120","895","256","136680","2859","null","6000"
"","","2020-12-20","1914","16","69412","-20","5","1766","128","null","0","159784","4189","7371532","875","261","138446","2987","null","6000"
"","","2020-12-21","2451","22","-58577","40","4","2081","422","null","0","162235","4211","7312955","915","265","140527","3409","null","6000"
"","","2020-12-22","2293","32","45265","90","8","1692","1841","null","0","164528","4243","7358220","1005","273","142219","5250","null","6000"
"","","2020-12-23","2509","47","56660","-3","2","2519","3468","null","0","167037","4290","7414880","1002","275","144738","8718","null","6000"
"","","2020-12-24","2337","46","64592","-35","2","2129","2038","null","0","169374","4336","7479472","967","277","146867","10756","null","6000"
"","","2020-12-25","null","null","0","31","3","532","0","null","0","169374","4336","7479472","998","280","147399","10756","null","6000"
"","","2020-12-26","2093","10","110976","0","0","1177","0","null","0","171467","4346","7590448","998","280","148576","10756","null","6000"
"","","2020-12-27","1918","12","41783","0","0","1840","471","null","0","173385","4358","7632231","998","280","150416","11227","null","6000"
"","","2020-12-28","3699","112","39565","-123","16","3841","1973","null","84000","177084","4470","7671796","875","296","154257","13200","null","90000"
"","","2020-12-29","2859","32","34112","-11","8","2068","4801","null","0","179943","4502","7705908","864","304","156325","18001","null","90000"
"","","2020-12-30","3451","47","39210","313","19","2653","5501","null","0","183394","4549","7745118","1177","323","158978","23502","null","90000"
"","","2020-12-31","3214","42","63858","58","14","2080","2321","null","0","186608","4591","7808976","1235","337","161058","25823","null","90000"
"","","2021-01-01","null","null","0","0","0","598","3064","null","58350","186608","4591","7808976","1235","337","161656","28887","null","148350"
"","","2021-01-02","4204","47","0","0","0","2004","4304","null","0","190812","4638","7808976","1235","337","163660","33191","null","148350"
"","","2021-01-03","5297","41","181774","0","0","3002","4360","null","0","196109","4679","7990750","1235","337","166662","37551","null","148350"
"","","2021-01-04","3138","44","39121","-45","-4","2556","4868","null","0","199247","4723","8029871","1190","333","169218","42419","null","148350"
"","","2021-01-05","3266","55","35152","157","19","1901","7611","null","0","202513","4778","8065023","1347","352","171119","50030","null","148350"
"","","2021-01-06","3031","73","51045","116","9","3490","10350","null","0","205544","4851","8116068","1463","361","174609","60380","null","148350"
"","","2021-01-07","3351","54","65772","9","2","2733","12251","2173","47775","208895","4905","8181840","1472","363","177342","72631","2173","196125"
"","","2021-01-08","4242","90","71481","-26","6","2894","14932","1880","0","213137","4995","8253321","1446","369","180236","87563","4053","196125"
"","","2021-01-09","3713","9","72900","11","13","2776","15700","1827","0","216850","5004","8326221","1457","382","183012","103263","5880","196125"
"","","2021-01-10","3354","27","62308","26","6","2432","9983","4","0","220204","5031","8388529","1483","388","185444","113246","5884","196125"
"","","2021-01-11","4040","36","46403","80","-1","3467","8859","0","0","224244","5067","8434932","1563","387","188911","122105","5884","196125"
"","","2021-01-12","2664","72","44802","138","-2","3380","11448","162","0","226908","5139","8479734","1701","385","192291","133553","6046","196125"
"","","2021-01-13","3295","70","50931","-27","0","3280","11231","2732","80925","230203","5209","8530665","1674","385","195571","144784","8778","277050"
"","","2021-01-14","3239","59","71169","-17","3","3450","14237","4515","0","233442","5268","8601834","1657","388","199021","159021","13293","277050"
"","","2021-01-15","3100","64","76472","-10","-1","3480","15609","3801","0","236542","5332","8678306","1647","387","202501","174630","17094","277050"
"","","2021-01-16","2843","49","73875","-15","10","3030","14460","2239","0","239385","5381","8752181","1632","397","205531","189090","19333","277050"
"","","2021-01-17","2856","67","60183","-62","-2","2810","11007","2381","0","242241","5448","8812364","1570","395","208341","200097","21714","277050"
"","","2021-01-18","2804","36","40301","1","-1","3012","9691","38","0","245045","5484","8852665","1571","394","211353","209788","21752","277050"
"","","2021-01-19","2061","50","34531","55","6","2753","14346","3857","0","247106","5534","8887196","1626","400","214106","224134","25609","277050"
"","","2021-01-20","2535","85","54307","-28","-5","3396","13784","6752","0","249641","5619","8941503","1598","395","217502","237918","32361","277050"
"","","2021-01-21","3007","56","70256","-65","-7","2955","15899","7864","0","252648","5675","9011759","1533","388","220457","253817","40225","277050"
"","","2021-01-22","2643","72","71750","-21","-5","3603","11168","9067","134600","255291","5747","9083509","1512","383","224060","264985","49292","411650"
"","","2021-01-23","2107","41","63453","-11","12","2787","11161","8615","0","257398","5788","9146962","1501","395","226847","276146","57907","411650"
"","","2021-01-24","1989","36","48947","-65","-3","2494","4427","4974","0","259387","5824","9195909","1436","392","229341","280573","62881","411650"
"","","2021-01-25","2227","70","35968","-38","5","2494","5537","8375","0","261614","5894","9231877","1398","397","231835","286110","71256","411650"
"","","2021-01-26","1681","50","30717","68","-14","2657","9707","12029","0","263295","5944","9262594","1466","383","234492","295817","83285","411650"
"","","2021-01-27","1907","44","55191","-84","-6","2780","9513","-35055","0","265202","5988","9317785","1382","377","237272","305330","48230","411650"
"","","2021-01-28","1861","47","64664","-44","-19","2267","11910","7056","0","267063","6035","9382449","1338","358","239539","317240","55286","411650"
"","","2021-01-29","2148","82","69040","-47","2","2556","10215","6393","0","269211","6117","9451489","1291","360","242095","327455","61679","411650"
"","","2021-01-30","1719","56","59594","-18","-7","2557","9373","6108","0","270930","6173","9511083","1273","353","244652","336828","67787","411650"
"","","2021-01-31","1881","24","49352","-114","3","2121","2816","1062","0","272811","6197","9560435","1159","356","246773","339644","68849","411650"
"","","2021-02-01","2215","49","30359","-1","-2","2139","2256","1444","0","275026","6246","9590794","1158","354","248912","341900","70293","411650"
"","","2021-02-02","511","43","28552","34","-13","0","2715","1764","0","275537","6289","9619346","1192","341","248912","344615","72057","411650"
"","","2021-02-03","1080","40","52418","-126","-5","2644","3716","2937","0","276617","6329","9671764","1066","336","251556","348331","74994","411650"
"","","2021-02-04","1704","61","64467","35","-13","1513","6724","5983","0","278321","6390","9736231","1101","323","253069","355055","80977","411650"
"","","2021-02-05","1654","63","62710","-58","2","1216","7694","6854","26325","279975","6453","9798941","1043","325","254285","362749","87831","437975"
"","","2021-02-06","1340","22","62341","-22","0","681","9917","8742","0","281315","6475","9861282","1021","325","254966","372666","96573","437975"
"","","2021-02-07","1339","23","51658","-95","10","1281","6518","5171","0","282654","6498","9912940","926","335","256247","379184","101744","437975"
"","","2021-02-08","1336","34","28303","-25","0","3988","6987","4419","0","283990","6532","9941243","901","335","260235","386171","106163","437975"
"","","2021-02-09","997","26","30798","8","-17","3171","12462","9366","0","284987","6558","9972041","909","318","263406","398633","115529","437975"
"","","2021-02-10","1143","42","52504","39","-5","1579","13486","10196","27300","286130","6600","10024545","948","313","264985","412119","125725","465275"
"","","2021-02-11","814","23","68812","-65","-14","2559","14717","11263","58400","286944","6623","10093357","883","299","267544","426836","136988","523675"
"","","2021-02-12","1510","21","62012","-120","-4","1360","15605","14294","0","288454","6644","10155369","763","295","268904","442441","151282","523675"
"","","2021-02-13","1285","23","58760","23","-8","862","14506","13025","0","289739","6667","10214129","786","287","269766","456947","164307","523675"
"","","2021-02-14","511","6","48701","-81","5","734","10679","10336","0","290250","6673","10262830","705","292","270500","467626","174643","523675"
"","","2021-02-15","965","5","0","0","0","0","7698","7494","0","291215","6678","10262830","705","292","270500","475324","182137","523675"
"","","2021-02-16","1359","42","57360","37","0","4376","5053","4797","0","292574","6720","10320190","742","292","274876","480377","186934","523675"
"","","2021-02-17","892","16","33977","-23","6","1117","9107","8432","0","293466","6736","10354167","719","298","275993","489484","195366","523675"
"","","2021-02-18","1014","51","56165","39","-21","1052","12383","10436","156780","294480","6787","10410332","758","277","277045","501867","205802","680455"
"","","2021-02-19","1324","42","65372","-69","-8","1505","16967","11913","2800","295804","6829","10475704","689","269","278550","518834","217715","683255"
"","","2021-02-20","1089","20","57194","10","-6","1123","21295","11436","0","296893","6849","10532898","699","263","279673","540129","229151","683255"
"","","2021-02-21","1031","10","48178","-39","14","1081","16404","6771","0","297924","6859","10581076","660","277","280754","556533","235922","683255"
"","","2021-02-22","1147","9","31163","-14","3","1039","12922","4747","0","299071","6868","10612239","646","280","281793","569455","240669","683255"
"","","2021-02-23","998","25","25979","72","3","959","16252","6373","0","300069","6893","10638218","718","283","282752","585707","247042","683255"
"","","2021-02-24","1104","5","54852","-43","4","1251","17141","4548","0","301173","6898","10693070","675","287","284003","602848","251590","683255"
"","","2021-02-25","1295","11","66351","12","-4","1251","19112","3859","0","302468","6909","10759421","687","283","285254","621960","255449","683255"
"","","2021-02-26","1280","34","64049","-4","1","1026","21805","2565","220030","303748","6943","10823470","683","284","286280","643765","258014","903285"
"","","2021-02-27","1009","18","59416","-3","-8","978","24339","2958","0","304757","6961","10882886","680","276","287258","668104","260972","903285"
"","","2021-02-28","970","11","49185","-53","13","943","19167","1131","0","305727","6972","10932071","627","289","288201","687271","262103","903285"
"","","2021-03-01","1152","9","35015","32","-9","1029","17424","1111","0","306879","6981","10967086","659","280","289230","704695","263214","903285"
"","","2021-03-02","1023","15","30767","18","4","1327","22326","1682","0","307902","6996","10997853","677","284","290557","727021","264896","903285"
"","","2021-03-03","878","3","52613","-9","-10","1022","27398","1814","183460","308780","6999","11050466","668","274","291579","754419","266710","1086745"
"","","2021-03-04","1241","25","65643","-19","7","1183","30409","1408","0","310021","7024","11116109","649","281","292762","784828","268118","1086745"
"","","2021-03-05","1139","16","64748","-6","-1","1216","35886","945","0","311160","7040","11180857","643","280","293978","820714","269063","1086745"
"","","2021-03-06","1058","6","57829","-23","-2","1070","39698","1562","0","312218","7046","11238686","620","278","295048","860412","270625","1086745"
"","","2021-03-07","1165","10","46586","-14","-5","746","30192","1182","0","313383","7056","11285272","606","273","295794","890604","271807","1086745"
"","","2021-03-08","1854","10","38063","20","9","1293","21882","1869","0","315237","7066","11323335","626","282","297087","912486","273676","1086745"
"","","2021-03-09","1149","32","33264","63","8","1128","31047","2517","0","316386","7098","11356599","689","290","298215","943533","276193","1086745"
"","","2021-03-10","1250","11","114768","-11","-9","1215","35264","3011","367660","317636","7109","11471367","678","281","299430","978797","279204","1454405"
"","","2021-03-11","1623","16","-60619","2","-4","1151","40610","2510","2600","319259","7125","11410748","680","277","300581","1019407","281714","1457005"
"","","2021-03-12","1283","17","125230","-4","5","1248","43503","1034","0","320542","7142","11535978","676","282","301829","1062910","282748","1457005"
"","","2021-03-13","1485","8","58431","13","-7","1103","53586","1938","0","322027","7150","11594409","689","275","302932","1116496","284686","1457005"
"","","2021-03-14","1415","12","47618","-88","7","1045","41859","929","0","323442","7162","11642027","601","282","303977","1158355","285615","1457005"
"","","2021-03-15","1147","0","33975","98","16","1018","33198","1668","0","324589","7162","11676002","699","298","304995","1191553","287283","1457005"
"","","2021-03-16","1687","2","28526","62","-6","-235","51579","1635","174330","326276","7164","11704528","761","292","304760","1243132","288918","1631335"
"","","2021-03-17","1447","12","49128","-20","8","3120","58202","1741","0","327723","7176","11753656","741","300","307880","1301334","290659","1631335"
"","","2021-03-18","1639","12","58560","-11","4","1265","58119","1610","148800","329362","7188","11812216","730","304","309145","1359453","292269","1780135"
"","","2021-03-19","1750","19","56134","29","5","1380","61146","2480","0","331112","7207","11868350","759","309","310525","1420599","294749","1780135"
"","","2021-03-20","1894","9","52083","6","-7","1500","60283","2385","0","333006","7216","11920433","765","302","312025","1480882","297134","1780135"
"","","2021-03-21","1550","8","49233","-5","3","1284","40823","1415","0","334556","7224","11969666","760","305","313309","1521705","298549","1780135"
"","","2021-03-22","1920","7","31089","53","-7","1399","31335","748","0","336476","7231","12000755","813","298","314708","1553040","299297","1780135"
"","","2021-03-23","1642","12","32556","55","26","3458","50659","1746","466830","338118","7243","12033311","868","324","318166","1603699","301043","2246965"
"","","2021-03-24","1535","11","51962","25","9","-803","72451","1621","0","339653","7254","12085273","893","333","317363","1676150","302664","2246965"
"","","2021-03-25","2433","17","60077","1","-1","1414","79446","1722","106700","342086","7271","12145350","894","332","318777","1755596","304386","2353665"
"","","2021-03-26","2297","12","53436","19","27","1775","82996","1987","0","344383","7283","12198786","913","359","320552","1838592","306373","2353665"
"","","2021-03-27","2049","12","61005","72","6","1238","77740","1928","0","346432","7295","12259791","985","365","321790","1916332","308301","2353665"
"","","2021-03-28","2587","11","50227","-68","1","1999","64950","984","0","349019","7306","12310018","917","366","323789","1981282","309285","2353665"
"","","2021-03-29","2484","11","39470","-76","16","1700","50453","1963","0","351503","7317","12349488","841","382","325489","2031735","311248","2353665"
"","","2021-03-30","2348","21","36071","249","5","1373","70645","2641","466830","353851","7338","12385559","1090","387","326862","2102380","313889","2820495"
"","","2021-03-31","2623","28","52532","21","9","2463","89873","1931","0","356474","7366","12438091","1111","396","329325","2192253","315820","2820495"
"","","2021-04-01","0","0","0","5","37","0","84060","1895","5300","356474","7366","12438091","1116","433","329325","2276313","317715","2825795"
